{
    "metrics": {
        "data_received": {
            "count": 15800,
            "rate": 1579.8948049162675
        },
        "vus_max": {
            "value": 10,
            "min": 10,
            "max": 10
        },
        "http_req_failed": {
            "fails": 100,
            "passes": 0,
            "value": 0
        },
        "data_sent": {
            "count": 35124,
            "rate": 3512.1661473341123
        },
        "http_reqs": {
            "count": 100,
            "rate": 9.999334208330806
        },
        "vus": {
            "value": 0,
            "min": 0,
            "max": 0
        },
        "http_req_receiving": {
            "med": 0.048245,
            "max": 0.136083,
            "p(90)": 0.0800781,
            "p(95)": 0.08768164999999999,
            "avg": 0.052783090000000026,
            "min": 0.029182
        },
        "http_req_duration": {
            "avg": 1.953513889999999,
            "min": 1.335648,
            "med": 1.7818915,
            "max": 4.329077,
            "p(90)": 2.5978698000000016,
            "p(95)": 3.1421286
        },
        "iterations": {
            "count": 100,
            "rate": 9.999334208330806
        },
        "http_req_tls_handshaking": {
            "avg": 0,
            "min": 0,
            "med": 0,
            "max": 0,
            "p(90)": 0,
            "p(95)": 0
        },
        "http_req_blocked": {
            "avg": 0.029872980000000004,
            "min": 0.003434,
            "med": 0.005523,
            "max": 1.018135,
            "p(90)": 0.026319200000000972,
            "p(95)": 0.1515703
        },
        "http_req_connecting": {
            "p(90)": 0.008980700000000766,
            "p(95)": 0.10564235,
            "avg": 0.0114212,
            "min": 0,
            "med": 0,
            "max": 0.168314
        },
        "iteration_duration": {
            "max": 5.940843,
            "p(90)": 3.0074023000000003,
            "p(95)": 3.4474777999999997,
            "avg": 2.185533520000001,
            "min": 1.48839,
            "med": 1.9859040000000001
        },
        "http_req_duration{expected_response:true}": {
            "avg": 1.953513889999999,
            "min": 1.335648,
            "med": 1.7818915,
            "max": 4.329077,
            "p(90)": 2.5978698000000016,
            "p(95)": 3.1421286
        },
        "checks": {
            "passes": 100,
            "fails": 0,
            "value": 1
        },
        "http_req_sending": {
            "med": 0.0220485,
            "max": 0.316688,
            "p(90)": 0.0394247,
            "p(95)": 0.046063449999999985,
            "avg": 0.028792369999999998,
            "min": 0.013959
        },
        "http_req_waiting": {
            "avg": 1.8719384300000004,
            "min": 1.283006,
            "med": 1.715435,
            "max": 4.1545,
            "p(90)": 2.4925298000000016,
            "p(95)": 3.02516995
        }
    },
    "root_group": {
        "id": "d41d8cd98f00b204e9800998ecf8427e",
        "groups": {},
        "checks": {
                "status was 202": {
                    "passes": 100,
                    "fails": 0,
                    "name": "status was 202",
                    "path": "::status was 202",
                    "id": "77a8161d6cf554e5ca62f41540553536"
                }
            },
        "name": "",
        "path": ""
    }
}