{
    "root_group": {
        "path": "",
        "id": "d41d8cd98f00b204e9800998ecf8427e",
        "groups": {},
        "checks": {
                "status is 101": {
                    "passes": 1460,
                    "fails": 0,
                    "name": "status is 101",
                    "path": "::status is 101",
                    "id": "b26b36ccbc717178372f638aae5b6111"
                }
            },
        "name": ""
    },
    "metrics": {
        "iterations": {
            "count": 1460,
            "rate": 47.09408445289396
        },
        "ws_connecting": {
            "p(90)": 1.1748661,
            "p(95)": 1.2755155999999999,
            "avg": 0.9437073479452068,
            "min": 0.554395,
            "med": 0.8892420000000001,
            "max": 14.274981
        },
        "dropped_iterations": {
            "count": 41,
            "rate": 1.322505111348392
        },
        "ws_session_duration": {
            "avg": 1001.5262065541092,
            "min": 1000.710551,
            "med": 1001.4673359999999,
            "max": 1014.760927,
            "p(90)": 1002.072113,
            "p(95)": 1002.2032788
        },
        "iteration_duration": {
            "p(95)": 1002.283596,
            "avg": 1001.6106446794512,
            "min": 1000.774442,
            "med": 1001.547095,
            "max": 1014.866607,
            "p(90)": 1002.15957
        },
        "ws_sessions": {
            "count": 1460,
            "rate": 47.09408445289396
        },
        "checks": {
            "passes": 1460,
            "fails": 0,
            "value": 1
        },
        "data_sent": {
            "count": 417560,
            "rate": 13468.908153527673
        },
        "vus": {
            "value": 1,
            "min": 1,
            "max": 50
        },
        "vus_max": {
            "max": 51,
            "value": 51,
            "min": 30
        },
        "data_received": {
            "count": 242368,
            "rate": 7817.876068958221
        }
    }
}