{
    "metrics": {
        "http_req_duration": {
            "max": 17.768073,
            "p(90)": 6.337213,
            "p(95)": 8.67057,
            "avg": 3.2925935988023936,
            "min": 0.74576,
            "med": 2.334247
        },
        "checks": {
            "passes": 501,
            "fails": 0,
            "value": 1
        },
        "vus": {
            "value": 1,
            "min": 0,
            "max": 1
        },
        "http_req_connecting": {
            "avg": 0.0028149021956087824,
            "min": 0,
            "med": 0,
            "max": 0.204861,
            "p(90)": 0,
            "p(95)": 0
        },
        "http_req_failed": {
            "fails": 501,
            "passes": 0,
            "value": 0
        },
        "data_sent": {
            "count": 175978,
            "rate": 87833.07828027148
        },
        "http_req_blocked": {
            "med": 0.007238,
            "max": 1.558912,
            "p(90)": 0.011508,
            "p(95)": 0.016591,
            "avg": 0.016058251497005988,
            "min": 0.002605
        },
        "http_req_waiting": {
            "avg": 3.1525703552894244,
            "min": 0.7083,
            "med": 2.187858,
            "max": 17.668508,
            "p(90)": 6.096725,
            "p(95)": 8.528557
        },
        "http_req_tls_handshaking": {
            "min": 0,
            "med": 0,
            "max": 0,
            "p(90)": 0,
            "p(95)": 0,
            "avg": 0
        },
        "http_req_receiving": {
            "p(95)": 0.22793,
            "avg": 0.09900500598802389,
            "min": 0.025336,
            "med": 0.080379,
            "max": 0.717214,
            "p(90)": 0.133785
        },
        "data_received": {
            "count": 79158,
            "rate": 39508.86366767283
        },
        "iteration_duration": {
            "min": 0.85008,
            "med": 2.677455,
            "max": 18.035868,
            "p(90)": 6.859717,
            "p(95)": 9.413969,
            "avg": 3.647440558882239
        },
        "vus_max": {
            "value": 10,
            "min": 10,
            "max": 10
        },
        "http_reqs": {
            "count": 501,
            "rate": 250.05609916248628
        },
        "http_req_duration{expected_response:true}": {
            "max": 17.768073,
            "p(90)": 6.337213,
            "p(95)": 8.67057,
            "avg": 3.2925935988023936,
            "min": 0.74576,
            "med": 2.334247
        },
        "http_req_sending": {
            "avg": 0.04101823752495012,
            "min": 0.010753,
            "med": 0.031592,
            "max": 1.025152,
            "p(90)": 0.053144,
            "p(95)": 0.067791
        },
        "iterations": {
            "count": 501,
            "rate": 250.05609916248628
        }
    },
    "root_group": {
        "groups": {},
        "checks": {
                "status was 202": {
                    "path": "::status was 202",
                    "id": "77a8161d6cf554e5ca62f41540553536",
                    "passes": 501,
                    "fails": 0,
                    "name": "status was 202"
                }
            },
        "name": "",
        "path": "",
        "id": "d41d8cd98f00b204e9800998ecf8427e"
    }
}