{
    "metrics": {
        "http_req_connecting": {
            "min": 0,
            "med": 0,
            "max": 1.820523,
            "p(90)": 0,
            "p(95)": 0,
            "avg": 0.007911529310344828
        },
        "data_sent": {
            "count": 8452532,
            "rate": 276615.00578146114
        },
        "iteration_duration": {
            "avg": 626.7721845200439,
            "min": 5.844731,
            "med": 655.170526,
            "max": 804.629937,
            "p(90)": 728.1475764,
            "p(95)": 755.1197696
        },
        "http_req_receiving": {
            "p(90)": 0.2357007000000001,
            "p(95)": 0.42073085,
            "avg": 0.14296803728448293,
            "min": 0.015244,
            "med": 0.0866905,
            "max": 5.09513
        },
        "http_req_duration": {
            "med": 654.4736674999999,
            "max": 804.127031,
            "p(90)": 727.1132317,
            "p(95)": 754.3935526,
            "avg": 626.1600804221973,
            "min": 5.590901
        },
        "http_req_blocked": {
            "p(90)": 0.012101300000000002,
            "p(95)": 0.018165650000000026,
            "avg": 0.02287635237068964,
            "min": 0.003211,
            "med": 0.00775,
            "max": 1.965915
        },
        "dropped_iterations": {
            "count": 2860,
            "rate": 93.59549499901081
        },
        "http_req_waiting": {
            "max": 804.006119,
            "p(90)": 726.7939991000001,
            "p(95)": 754.29989385,
            "avg": 625.9455089075418,
            "min": 5.514806,
            "med": 654.2561435
        },
        "iterations": {
            "count": 4640,
            "rate": 151.8472366417518
        },
        "http_req_duration{expected_response:true}": {
            "avg": 626.1600804221973,
            "min": 5.590901,
            "med": 654.4736674999999,
            "max": 804.127031,
            "p(90)": 727.1132317,
            "p(95)": 754.3935526
        },
        "http_req_tls_handshaking": {
            "avg": 0,
            "min": 0,
            "med": 0,
            "max": 0,
            "p(90)": 0,
            "p(95)": 0
        },
        "http_req_failed": {
            "passes": 0,
            "fails": 4640,
            "value": 0
        },
        "vus_max": {
            "value": 100,
            "min": 49,
            "max": 100
        },
        "http_req_sending": {
            "avg": 0.07160347737068981,
            "min": 0.012888,
            "med": 0.0342305,
            "max": 2.246741,
            "p(90)": 0.11261460000000008,
            "p(95)": 0.25930480000000017
        },
        "data_received": {
            "count": 737760,
            "rate": 24143.710626038537
        },
        "checks": {
            "passes": 4640,
            "fails": 0,
            "value": 1
        },
        "vus": {
            "value": 100,
            "min": 49,
            "max": 100
        },
        "http_reqs": {
            "count": 4640,
            "rate": 151.8472366417518
        }
    },
    "root_group": {
        "name": "",
        "path": "",
        "id": "d41d8cd98f00b204e9800998ecf8427e",
        "groups": {},
        "checks": {
                "status was 202": {
                    "id": "77a8161d6cf554e5ca62f41540553536",
                    "passes": 4640,
                    "fails": 0,
                    "name": "status was 202",
                    "path": "::status was 202"
                }
            }
    }
}