{
    "root_group": {
        "name": "",
        "path": "",
        "id": "d41d8cd98f00b204e9800998ecf8427e",
        "groups": {},
        "checks": {
                "status was 200": {
                    "fails": 0,
                    "name": "status was 200",
                    "path": "::status was 200",
                    "id": "1461660757a913d4fb82ac4c5e1009de",
                    "passes": 1501
                }
            }
    },
    "metrics": {
        "iterations": {
            "count": 1501,
            "rate": 50.02483592961043
        },
        "http_req_blocked": {
            "max": 1.997223,
            "p(90)": 0.007428,
            "p(95)": 0.00843,
            "avg": 0.007736061958694207,
            "min": 0.002942,
            "med": 0.005514
        },
        "http_req_failed": {
            "passes": 0,
            "fails": 1501,
            "value": 0
        },
        "http_req_tls_handshaking": {
            "p(90)": 0,
            "p(95)": 0,
            "avg": 0,
            "min": 0,
            "med": 0,
            "max": 0
        },
        "data_received": {
            "count": 199633,
            "rate": 6653.303178638188
        },
        "vus_max": {
            "value": 5,
            "min": 5,
            "max": 5
        },
        "http_req_duration{expected_response:true}": {
            "med": 3.847162,
            "max": 26.75759,
            "p(90)": 4.890993,
            "p(95)": 5.164388,
            "avg": 4.003798596935374,
            "min": 2.427162
        },
        "checks": {
            "passes": 1501,
            "fails": 0,
            "value": 1
        },
        "http_reqs": {
            "count": 1501,
            "rate": 50.02483592961043
        },
        "http_req_sending": {
            "max": 0.093354,
            "p(90)": 0.022631,
            "p(95)": 0.024661,
            "avg": 0.01821204663557629,
            "min": 0.01039,
            "med": 0.017737
        },
        "data_sent": {
            "count": 267178,
            "rate": 8904.420795470658
        },
        "iteration_duration": {
            "p(95)": 5.340802,
            "avg": 4.162543485009991,
            "min": 2.555774,
            "med": 4.005807,
            "max": 29.143458,
            "p(90)": 5.078017
        },
        "vus": {
            "value": 0,
            "min": 0,
            "max": 0
        },
        "http_req_duration": {
            "min": 2.427162,
            "med": 3.847162,
            "max": 26.75759,
            "p(90)": 4.890993,
            "p(95)": 5.164388,
            "avg": 4.003798596935374
        },
        "http_req_receiving": {
            "med": 0.054503,
            "max": 0.381607,
            "p(90)": 0.069628,
            "p(95)": 0.075809,
            "avg": 0.05573813391072612,
            "min": 0.027593
        },
        "http_req_connecting": {
            "avg": 0.00045905729513657557,
            "min": 0,
            "med": 0,
            "max": 0.179137,
            "p(90)": 0,
            "p(95)": 0
        },
        "http_req_waiting": {
            "avg": 3.9298484163890803,
            "min": 2.368652,
            "med": 3.766434,
            "max": 26.580677,
            "p(90)": 4.811157,
            "p(95)": 5.084328
        }
    }
}