{
    "metrics": {
        "http_reqs": {
            "count": 2994,
            "rate": 99.79885211360299
        },
        "checks": {
            "passes": 0,
            "fails": 1497,
            "value": 0
        },
        "iteration_duration": {
            "avg": 3.2101670561122275,
            "min": 0.934053,
            "med": 1.90891,
            "max": 203.756536,
            "p(90)": 4.6200818,
            "p(95)": 5.908723800000004
        },
        "vus": {
            "max": 0,
            "value": 0,
            "min": 0
        },
        "http_req_connecting": {
            "med": 0,
            "max": 1.366485,
            "p(90)": 0,
            "p(95)": 0,
            "avg": 0.0011700287241148966,
            "min": 0
        },
        "http_req_receiving": {
            "min": 0.01187,
            "med": 0.051908499999999996,
            "max": 1.311547,
            "p(90)": 0.10036550000000001,
            "p(95)": 0.1195195,
            "avg": 0.06532717969271876
        },
        "data_received": {
            "count": 479040,
            "rate": 15967.816338176477
        },
        "http_req_failed": {
            "passes": 2994,
            "fails": 0,
            "value": 1
        },
        "http_req_duration": {
            "avg": 1.4165197795591205,
            "min": 0.162797,
            "med": 0.8917935,
            "max": 176.032411,
            "p(90)": 2.1182391000000003,
            "p(95)": 2.9527840999999997
        },
        "data_sent": {
            "count": 438621,
            "rate": 14620.531834642838
        },
        "http_req_tls_handshaking": {
            "p(95)": 0,
            "avg": 0,
            "min": 0,
            "med": 0,
            "max": 0,
            "p(90)": 0
        },
        "vus_max": {
            "value": 8,
            "min": 8,
            "max": 8
        },
        "dropped_iterations": {
            "count": 3,
            "rate": 0.09999884981322944
        },
        "http_req_waiting": {
            "min": 0.14403,
            "med": 0.809886,
            "max": 175.67226,
            "p(90)": 1.9442021000000012,
            "p(95)": 2.7928080499999988,
            "avg": 1.3247762080828285
        },
        "iterations": {
            "count": 1497,
            "rate": 49.899426056801495
        },
        "http_req_blocked": {
            "p(90)": 0.009461900000000002,
            "p(95)": 0.011258599999999999,
            "avg": 0.009502944555778228,
            "min": 0.001494,
            "med": 0.0056325,
            "max": 2.660156
        },
        "http_req_sending": {
            "max": 1.847984,
            "p(90)": 0.0383533,
            "p(95)": 0.0465038,
            "avg": 0.026416391783567215,
            "min": 0.004567,
            "med": 0.0202095
        }
    },
    "root_group": {
        "checks": {
            "status was 200": {
                "fails": 1497,
                "name": "status was 200",
                "path": "::status was 200",
                "id": "1461660757a913d4fb82ac4c5e1009de",
                "passes": 0
            }
        },
        "name": "",
        "path": "",
        "id": "d41d8cd98f00b204e9800998ecf8427e",
        "groups": {}
    }
}