{
    "root_group": {
        "path": "",
        "id": "d41d8cd98f00b204e9800998ecf8427e",
        "groups": {},
        "checks": {
                "status was 202": {
                    "name": "status was 202",
                    "path": "::status was 202",
                    "id": "77a8161d6cf554e5ca62f41540553536",
                    "passes": 95,
                    "fails": 0
                }
            },
        "name": ""
    },
    "metrics": {
        "http_req_tls_handshaking": {
            "max": 0,
            "p(90)": 0,
            "p(95)": 0,
            "avg": 0,
            "min": 0,
            "med": 0
        },
        "http_req_waiting": {
            "p(95)": 160.6193614,
            "avg": 36.392315505263156,
            "min": 1.679467,
            "med": 7.179759,
            "max": 180.103087,
            "p(90)": 143.4751248000001
        },
        "http_req_duration{expected_response:true}": {
            "avg": 36.70196293684211,
            "min": 1.796007,
            "med": 7.305464,
            "max": 180.308993,
            "p(90)": 143.91365140000008,
            "p(95)": 161.3934342
        },
        "data_sent": {
            "count": 35745,
            "rate": 35499.92587124865
        },
        "http_req_blocked": {
            "p(90)": 1.240869200000003,
            "p(95)": 2.973179,
            "avg": 0.3609346000000002,
            "min": 0.005307,
            "med": 0.008727,
            "max": 6.447646
        },
        "iterations": {
            "count": 95,
            "rate": 94.34866296736948
        },
        "vus_max": {
            "max": 14,
            "value": 14,
            "min": 14
        },
        "http_req_sending": {
            "avg": 0.15186332631578944,
            "min": 0.023875,
            "med": 0.04389,
            "max": 3.847454,
            "p(90)": 0.22721080000000052,
            "p(95)": 0.5257684999999996
        },
        "http_req_receiving": {
            "avg": 0.15778410526315792,
            "min": 0.053517,
            "med": 0.094208,
            "max": 1.943195,
            "p(90)": 0.21171440000000014,
            "p(95)": 0.4388560999999999
        },
        "checks": {
            "passes": 95,
            "fails": 0,
            "value": 1
        },
        "data_received": {
            "count": 15010,
            "rate": 14907.088748844377
        },
        "http_req_connecting": {
            "avg": 0.24171917894736844,
            "min": 0,
            "med": 0,
            "max": 3.171953,
            "p(90)": 1.1451206000000032,
            "p(95)": 1.7932830999999982
        },
        "dropped_iterations": {
            "count": 6,
            "rate": 5.958862924254914
        },
        "http_req_duration": {
            "med": 7.305464,
            "max": 180.308993,
            "p(90)": 143.91365140000008,
            "p(95)": 161.3934342,
            "avg": 36.70196293684211,
            "min": 1.796007
        },
        "http_req_failed": {
            "passes": 0,
            "fails": 95,
            "value": 0
        },
        "vus": {
            "value": 0,
            "min": 0,
            "max": 0
        },
        "http_reqs": {
            "count": 95,
            "rate": 94.34866296736948
        },
        "iteration_duration": {
            "avg": 37.6606792842105,
            "min": 2.060386,
            "med": 7.744703,
            "max": 182.154547,
            "p(90)": 150.50443800000002,
            "p(95)": 164.88624420000002
        }
    }
}