{
    "metrics": {
        "vus": {
            "value": 0,
            "min": 0,
            "max": 0
        },
        "http_req_receiving": {
            "avg": 0.052157609999999986,
            "min": 0.029292,
            "med": 0.048636,
            "max": 0.15943,
            "p(90)": 0.0699423,
            "p(95)": 0.08482329999999998
        },
        "data_sent": {
            "count": 35131,
            "rate": 3513.0138633591805
        },
        "http_req_duration": {
            "avg": 2.8940623899999998,
            "min": 1.381206,
            "med": 1.9457404999999999,
            "max": 75.438407,
            "p(90)": 2.9806677000000006,
            "p(95)": 3.5411790999999995
        },
        "http_req_blocked": {
            "p(95)": 0.18097024999999994,
            "avg": 0.036977369999999996,
            "min": 0.003323,
            "med": 0.0051465,
            "max": 1.424986,
            "p(90)": 0.025999400000001283
        },
        "checks": {
            "passes": 100,
            "fails": 0,
            "value": 1
        },
        "iterations": {
            "count": 100,
            "rate": 9.999754813011814
        },
        "http_req_connecting": {
            "med": 0,
            "max": 0.194245,
            "p(90)": 0.010036200000000856,
            "p(95)": 0.13124959999999997,
            "avg": 0.01426256,
            "min": 0
        },
        "data_received": {
            "count": 15800,
            "rate": 1579.9612604558665
        },
        "iteration_duration": {
            "p(95)": 3.9844935,
            "avg": 3.1327545199999998,
            "min": 1.525459,
            "med": 2.118042,
            "max": 77.269691,
            "p(90)": 3.1597838000000014
        },
        "http_req_duration{expected_response:true}": {
            "max": 75.438407,
            "p(90)": 2.9806677000000006,
            "p(95)": 3.5411790999999995,
            "avg": 2.8940623899999998,
            "min": 1.381206,
            "med": 1.9457404999999999
        },
        "vus_max": {
            "value": 10,
            "min": 10,
            "max": 10
        },
        "http_req_sending": {
            "max": 0.092542,
            "p(90)": 0.040900000000000034,
            "p(95)": 0.05624684999999998,
            "avg": 0.02559649999999999,
            "min": 0.012768,
            "med": 0.020903
        },
        "http_req_failed": {
            "passes": 0,
            "fails": 100,
            "value": 0
        },
        "http_reqs": {
            "rate": 9.999754813011814,
            "count": 100
        },
        "http_req_waiting": {
            "min": 1.333099,
            "med": 1.8635519999999999,
            "max": 75.27578,
            "p(90)": 2.9072394,
            "p(95)": 3.4084975499999994,
            "avg": 2.8163082800000008
        },
        "http_req_tls_handshaking": {
            "max": 0,
            "p(90)": 0,
            "p(95)": 0,
            "avg": 0,
            "min": 0,
            "med": 0
        }
    },
    "root_group": {
        "path": "",
        "id": "d41d8cd98f00b204e9800998ecf8427e",
        "groups": {},
        "checks": {
                "status was 202": {
                    "passes": 100,
                    "fails": 0,
                    "name": "status was 202",
                    "path": "::status was 202",
                    "id": "77a8161d6cf554e5ca62f41540553536"
                }
            },
        "name": ""
    }
}