{
    "root_group": {
        "id": "d41d8cd98f00b204e9800998ecf8427e",
        "groups": {},
        "checks": {
                "status was 200": {
                    "passes": 7,
                    "fails": 0,
                    "name": "status was 200",
                    "path": "::status was 200",
                    "id": "1461660757a913d4fb82ac4c5e1009de"
                }
            },
        "name": "",
        "path": ""
    },
    "metrics": {
        "http_req_blocked": {
            "avg": 0.01048126269465132,
            "min": 0,
            "med": 0,
            "max": 1.539652,
            "p(90)": 0,
            "p(95)": 0
        },
        "http_req_failed": {
            "passes": 1463,
            "fails": 14,
            "value": 0.990521327014218
        },
        "data_sent": {
            "count": 9305,
            "rate": 310.1552077240546
        },
        "http_reqs": {
            "count": 1477,
            "rate": 49.23151443400631
        },
        "dropped_iterations": {
            "rate": 0.9999630555316108,
            "count": 30
        },
        "data_received": {
            "count": 3500,
            "rate": 116.66235647868793
        },
        "iterations": {
            "count": 1470,
            "rate": 48.99818972104893
        },
        "http_req_waiting": {
            "min": 0,
            "med": 0,
            "max": 1229.422968,
            "p(90)": 0,
            "p(95)": 0,
            "avg": 17.93910650507786
        },
        "http_req_receiving": {
            "max": 0.347099,
            "p(90)": 0,
            "p(95)": 0,
            "avg": 0.0009982809749492217,
            "min": 0,
            "med": 0
        },
        "http_req_tls_handshaking": {
            "min": 0,
            "med": 0,
            "max": 0,
            "p(90)": 0,
            "p(95)": 0,
            "avg": 0
        },
        "iteration_duration": {
            "avg": 18.442798530612258,
            "min": 0.194002,
            "med": 0.353124,
            "max": 1230.147476,
            "p(90)": 0.4562886000000001,
            "p(95)": 0.5227472
        },
        "http_req_connecting": {
            "med": 0,
            "max": 0.889339,
            "p(90)": 0,
            "p(95)": 0,
            "avg": 0.006358153012863915,
            "min": 0
        },
        "http_req_sending": {
            "avg": 0.0031706093432633713,
            "min": 0,
            "med": 0,
            "max": 0.979619,
            "p(90)": 0,
            "p(95)": 0
        },
        "http_req_duration": {
            "p(90)": 0,
            "p(95)": 0,
            "avg": 17.943275395396075,
            "min": 0,
            "med": 0,
            "max": 1229.519111
        },
        "checks": {
            "passes": 7,
            "fails": 0,
            "value": 1
        },
        "vus": {
            "value": 0,
            "min": 0,
            "max": 22
        },
        "vus_max": {
            "value": 35,
            "min": 26,
            "max": 35
        },
        "http_req_duration{expected_response:true}": {
            "avg": 343.50046785714284,
            "min": 139.222766,
            "med": 324.87449300000003,
            "max": 574.783356,
            "p(90)": 574.4989859,
            "p(95)": 574.71370915
        }
    }
}