{
    "metrics": {
        "vus": {
            "value": 0,
            "min": 0,
            "max": 0
        },
        "http_req_receiving": {
            "p(90)": 0.061849,
            "p(95)": 0.066917,
            "avg": 0.048090964023983995,
            "min": 0.023455,
            "med": 0.044814,
            "max": 1.341335
        },
        "vus_max": {
            "value": 10,
            "min": 10,
            "max": 10
        },
        "http_reqs": {
            "count": 1501,
            "rate": 50.02855660007868
        },
        "http_req_blocked": {
            "p(90)": 0.007254,
            "p(95)": 0.008095,
            "avg": 0.012108097268487654,
            "min": 0.002601,
            "med": 0.005529,
            "max": 7.367971
        },
        "http_req_failed": {
            "passes": 1501,
            "fails": 0,
            "value": 1
        },
        "iteration_duration": {
            "p(95)": 2.558148,
            "avg": 1.935687202531646,
            "min": 1.017667,
            "med": 1.782905,
            "max": 49.549179,
            "p(90)": 2.289869
        },
        "http_req_waiting": {
            "avg": 0.9571383084610255,
            "min": 0.487339,
            "med": 0.856878,
            "max": 38.61682,
            "p(90)": 1.075278,
            "p(95)": 1.249699
        },
        "http_req_sending": {
            "p(95)": 0.030616,
            "avg": 0.021995368421052635,
            "min": 0.00908,
            "med": 0.021111,
            "max": 0.209784,
            "p(90)": 0.027129
        },
        "ws_sessions": {
            "count": 1501,
            "rate": 50.02855660007868
        },
        "ws_connecting": {
            "p(90)": 0.858546,
            "p(95)": 1.11666,
            "avg": 0.6859111618920724,
            "min": 0.339998,
            "med": 0.633208,
            "max": 3.819661
        },
        "ws_session_duration": {
            "max": 3.916551,
            "p(90)": 0.879734,
            "p(95)": 1.126628,
            "avg": 0.7021112338441041,
            "min": 0.348147,
            "med": 0.65014
        },
        "data_sent": {
            "count": 589893,
            "rate": 19661.222743830924
        },
        "iterations": {
            "count": 1501,
            "rate": 50.02855660007868
        },
        "checks": {
            "passes": 0,
            "fails": 1501,
            "value": 0
        },
        "http_req_tls_handshaking": {
            "max": 0,
            "p(90)": 0,
            "p(95)": 0,
            "avg": 0,
            "min": 0,
            "med": 0
        },
        "http_req_duration": {
            "p(95)": 1.353315,
            "avg": 1.027224640906063,
            "min": 0.527202,
            "med": 0.923152,
            "max": 38.764741,
            "p(90)": 1.159448
        },
        "http_req_connecting": {
            "min": 0,
            "med": 0,
            "max": 0.748171,
            "p(90)": 0,
            "p(95)": 0,
            "avg": 0.0015138141239173885
        },
        "data_received": {
            "count": 453302,
            "rate": 15108.624093223762
        }
    },
    "root_group": {
        "path": "",
        "id": "d41d8cd98f00b204e9800998ecf8427e",
        "groups": {},
        "checks": {
                "status is 101": {
                    "path": "::status is 101",
                    "id": "b26b36ccbc717178372f638aae5b6111",
                    "passes": 0,
                    "fails": 1501,
                    "name": "status is 101"
                }
            },
        "name": ""
    }
}